HT,AT,League,Date,FTHG,FTAG,HxG,AxG,HShots,AShots,HST,AST,HDEEP,ADEEP,HPPDA,APPDA,HxPTS,AxPTS
Benevento,Bologna,Serie_A,2020-10-04,1,0,0.89,1.82,7,17,2,7,6,5,8.96,6.08,0.66,2.1
Khimki,Dinamo Moscow,RFPL,2020-09-28,1,0,1.59,1.7,12,26,4,9,8,12,12.17,7.28,1.31,1.42
Paris Saint Germain,Angers,Ligue_1,2020-10-02,6,1,2.91,0.94,18,8,12,2,15,2,10.39,33.22,2.59,0.29
Liverpool,Arsenal,Premier_League,2020-09-28,3,1,2.74,1.18,21,4,8,3,11,3,8.83,35.86,2.43,0.4
Benevento,Inter,Serie_A,2020-09-30,2,5,1.25,4.53,11,18,6,8,2,12,21.35,7.32,0.06,2.9
Chelsea,Crystal Palace,Premier_League,2020-10-03,4,0,2.51,0.1,17,4,6,0,5,2,4.45,25.88,2.93,0.04
Nice,Nantes,Ligue_1,2020-10-03,2,1,1.97,1.14,18,11,7,1,11,3,3.6,32.71,2.0,0.74
SD Huesca,Atletico Madrid,La_Liga,2020-09-30,0,0,0.63,1.79,9,16,3,2,3,11,15.43,8.91,0.49,2.31
Lazio,Atalanta,Serie_A,2020-09-30,1,4,1.8,1.9,14,10,6,6,9,6,8.07,16.91,1.31,1.44
Leicester,West Ham,Premier_League,2020-10-04,0,3,0.46,2.03,4,14,0,6,2,3,7.32,34.18,0.31,2.53
PFC Sochi,FC Rostov,RFPL,2020-10-04,4,2,0.91,1.03,14,8,8,3,2,2,8.94,14.33,1.25,1.43
Elche,SD Huesca,La_Liga,2020-10-03,0,0,0.19,1.7,2,18,0,4,0,12,10.39,7.72,0.24,2.6
Ural,CSKA Moscow,RFPL,2020-10-03,0,2,0.31,0.97,8,12,1,3,6,12,9.35,28.22,0.68,1.96
Union Berlin,Mainz 05,Bundesliga,2020-10-02,4,0,2.07,0.19,11,5,7,0,1,2,11.08,13.35,2.72,0.17
Parma Calcio 1913,Verona,Serie_A,2020-10-04,1,0,1.23,0.63,11,8,4,2,3,10,24.33,6.82,1.91,0.78
Valencia,Real Betis,La_Liga,2020-10-03,0,2,0.48,1.88,5,17,2,8,3,7,9.85,8.1,0.35,2.47
Aston Villa,Liverpool,Premier_League,2020-10-04,7,2,3.08,1.66,18,14,11,8,7,18,14.6,4.76,2.26,0.58
Real Madrid,Real Valladolid,La_Liga,2020-09-30,1,0,2.65,0.54,15,11,5,5,9,2,11.21,17.74,2.76,0.16
Athletic Club,Cadiz,La_Liga,2020-10-01,0,1,0.55,0.26,13,3,4,1,5,4,4.4,11.57,1.55,0.94
Eibar,Elche,La_Liga,2020-09-30,0,1,1.06,0.38,12,5,4,2,6,4,4.0,12.8,2.13,0.57
Newcastle United,Burnley,Premier_League,2020-10-03,3,1,1.96,0.44,10,7,5,3,4,10,20.75,9.42,2.61,0.25
Lokomotiv Moscow,Khimki,RFPL,2020-10-04,2,1,1.9,1.25,18,11,7,2,10,5,9.19,8.65,1.87,0.87
Manchester United,Tottenham,Premier_League,2020-10-04,1,6,0.87,3.3,5,22,2,8,3,8,19.88,6.68,0.13,2.79
Rennes,Reims,Ligue_1,2020-10-04,2,2,2.09,1.05,18,9,3,4,7,2,6.15,20.38,2.12,0.65
Bayern Munich,Hertha Berlin,Bundesliga,2020-10-04,4,3,3.99,1.25,22,10,9,5,11,1,4.13,12.17,2.82,0.13
Udinese,Spezia,Serie_A,2020-09-30,0,2,1.87,0.81,13,4,3,2,11,0,14.13,12.94,2.21,0.56
Montpellier,Nimes,Ligue_1,2020-10-04,0,1,0.69,0.59,12,8,2,1,6,4,10.74,7.82,1.38,1.22
Real Sociedad,Valencia,La_Liga,2020-09-29,0,1,0.59,0.84,11,9,3,5,12,4,7.19,11.33,1.01,1.61
Cadiz,Granada,La_Liga,2020-10-04,1,1,1.09,0.82,14,13,4,5,1,4,9.54,4.0,1.6,1.07
Bordeaux,Dijon,Ligue_1,2020-10-04,3,0,1.5,0.24,17,5,7,1,2,2,9.26,13.12,2.47,0.33
Strasbourg,Lille,Ligue_1,2020-10-04,0,3,0.84,1.96,14,12,3,6,10,8,11.86,10.22,0.52,2.28
Osasuna,Celta Vigo,La_Liga,2020-10-04,2,0,1.12,0.36,13,9,5,3,6,8,7.14,5.52,2.11,0.59
RasenBallsport Leipzig,Schalke 04,Bundesliga,2020-10-03,4,0,3.26,0.22,21,5,7,1,10,0,4.04,42.67,2.94,0.04
Atalanta,Cagliari,Serie_A,2020-10-04,5,2,3.61,0.66,21,12,12,3,15,6,10.45,15.32,2.88,0.07
Sassuolo,Crotone,Serie_A,2020-10-03,4,1,1.86,1.59,7,15,4,6,4,13,8.35,9.74,1.6,1.11
Borussia Dortmund,Freiburg,Bundesliga,2020-10-03,4,0,2.83,0.45,16,6,7,2,15,0,8.26,23.86,2.85,0.09
FC Ufa,FC Rotor Volgograd,RFPL,2020-10-03,0,0,0.92,0.23,13,6,4,0,2,4,8.64,16.77,1.98,0.64
Spartak Moscow,Zenit St. Petersburg,RFPL,2020-10-03,1,1,1.72,1.85,13,22,4,11,3,10,9.05,12.79,1.28,1.4
Getafe,Real Betis,La_Liga,2020-09-29,3,0,0.91,0.44,8,10,4,2,1,3,13.84,3.58,1.81,0.83
Real Valladolid,Eibar,La_Liga,2020-10-03,1,2,1.09,1.69,9,11,3,5,3,2,8.0,7.68,0.79,1.9
Barcelona,Sevilla,La_Liga,2020-10-04,1,1,1.06,1.26,12,13,5,1,3,2,15.83,11.21,1.16,1.53
VfB Stuttgart,Bayer Leverkusen,Bundesliga,2020-10-03,1,1,0.8,1.7,12,15,3,6,5,4,12.43,7.9,0.66,2.1
Southampton,West Bromwich Albion,Premier_League,2020-10-04,2,0,0.95,0.16,13,5,7,2,6,1,5.09,15.84,2.12,0.52
Brest,Monaco,Ligue_1,2020-10-04,1,0,0.73,1.53,7,21,5,2,1,9,20.67,3.44,0.72,2.01
Arsenal,Sheffield United,Premier_League,2020-10-04,2,1,0.67,0.14,6,6,5,2,4,3,13.92,19.35,1.89,0.66
Rubin Kazan,FK Akhmat,RFPL,2020-10-04,1,1,0.95,0.98,10,8,5,2,8,11,7.69,6.8,1.25,1.37
Dinamo Moscow,FC Krasnodar,RFPL,2020-10-04,2,0,1.48,1.11,15,14,10,3,1,13,9.59,7.17,1.67,1.05
Atletico Madrid,Villarreal,La_Liga,2020-10-03,0,0,0.61,0.2,13,6,0,2,8,7,10.77,15.14,1.71,0.8
Bologna,Parma Calcio 1913,Serie_A,2020-09-28,4,1,2.05,1.24,12,9,8,3,7,3,7.36,10.57,1.96,0.81
Lazio,Inter,Serie_A,2020-10-04,1,1,1.21,0.72,12,12,4,3,1,8,11.92,9.42,1.77,0.93
Levante,Real Madrid,La_Liga,2020-10-04,0,2,0.58,1.88,11,13,4,3,6,13,10.19,7.82,0.42,2.4
Metz,Lorient,Ligue_1,2020-10-04,3,1,1.6,0.85,16,10,8,4,6,1,9.24,12.63,2.01,0.7
Fiorentina,Sampdoria,Serie_A,2020-10-02,1,2,2.03,2.18,22,18,5,8,5,6,8.21,12.48,1.28,1.48
Real Sociedad,Getafe,La_Liga,2020-10-03,3,0,2.2,0.32,11,5,6,1,1,1,4.35,7.27,2.74,0.16
Lens,Saint-Etienne,Ligue_1,2020-10-03,2,0,2.13,0.09,13,2,5,1,8,0,3.1,22.0,2.86,0.08
Werder Bremen,Arminia Bielefeld,Bundesliga,2020-10-03,1,0,0.35,1.02,7,10,2,5,5,7,20.58,7.7,0.65,2.03
Wolverhampton Wanderers,Fulham,Premier_League,2020-10-04,1,0,0.89,0.97,14,10,5,2,2,6,14.59,21.21,1.23,1.42
Udinese,Roma,Serie_A,2020-10-03,0,1,1.67,0.76,10,13,4,3,2,4,16.11,8.1,2.11,0.65
Wolfsburg,Augsburg,Bundesliga,2020-10-04,0,0,1.32,1.81,19,8,6,1,7,4,6.28,15.13,0.93,1.82
Sevilla,Levante,La_Liga,2020-10-01,1,0,1.05,0.38,16,3,2,1,8,0,6.5,13.08,1.95,0.71
Everton,Brighton,Premier_League,2020-10-03,4,2,2.34,1.17,11,11,6,3,10,7,9.06,9.17,2.26,0.53
Celta Vigo,Barcelona,La_Liga,2020-10-01,0,3,0.57,0.93,10,7,3,4,5,7,7.65,11.28,0.92,1.72
Lyon,Marseille,Ligue_1,2020-10-04,1,1,3.14,0.38,24,3,3,1,13,2,7.0,21.3,2.89,0.06
Eintracht Frankfurt,Hoffenheim,Bundesliga,2020-10-03,2,1,3.57,0.77,16,12,8,4,10,6,12.27,17.6,2.88,0.08
FC Cologne,Borussia M.Gladbach,Bundesliga,2020-10-03,1,3,0.24,2.06,8,15,2,11,2,12,12.94,7.06,0.16,2.73
Fulham,Aston Villa,Premier_League,2020-09-28,0,3,0.53,2.03,16,12,3,5,5,10,5.96,9.3,0.37,2.46
FC Tambov,Arsenal Tula,RFPL,2020-10-03,1,1,2.19,0.35,16,11,6,5,8,3,7.16,10.73,2.71,0.19
AC Milan,Spezia,Serie_A,2020-10-04,3,0,2.65,0.15,17,4,5,2,11,1,6.32,14.64,2.93,0.04
Alaves,Athletic Club,La_Liga,2020-10-04,1,0,0.52,0.49,8,8,3,0,3,4,9.84,4.85,1.32,1.23
Villarreal,Alaves,La_Liga,2020-09-30,3,1,2.66,0.62,10,8,6,3,6,3,7.47,10.88,2.79,0.13
Leeds,Manchester City,Premier_League,2020-10-03,1,1,2.57,1.42,12,23,7,2,5,10,7.83,11.38,2.16,0.66
